[{"id":"6","username":"jiten","name":"Jiten singh","email":"jiten93@makitweb.com"},{"id":"21","username":"kuldeep","name":"Kuldeep","email":"kuldeep@makitweb.com"},{"id":"4","username":"mayank","name":"Mayank","email":"mayank@makitweb.com"},{"id":"9","username":"mohit","name":"Mohit","email":"mohit@makitweb.com"},{"id":"22","username":"mukesh","name":"Mukesh","email":"mukesh@makitweb.com"},{"id":"23","username":"nitin","name":"Nitin","email":"nitin@makitweb.com"},{"id":"24","username":"palash","name":"Palash","email":"palash@makitweb.com"},{"id":"7","username":"rahul","name":"Rahul singh","email":"rahul@makitweb.com"},{"id":"10","username":"rohit","name":"Rohit singh","email":"rohit@makitweb.com"},{"id":"8","username":"shreya","name":"Shreya","email":"shreya@makitweb.com"},{"id":"2","username":"sonarika","name":"Sonarika","email":"sonarika@makitweb.com"},{"id":"5","username":"vijay","name":"Vijay","email":"vijayec@makitweb.com"},{"id":"3","username":"vishal","name":"Vishal Sahu","email":"vishal@makitweb.com"},{"id":"1","username":"yssyogesh","name":"Yogesh singh","email":"yogesh@makitweb.com"}]